brand_name,year,reviews,avg_rating,rank
CLINIQUE,2018,4178,4.23,4.0
CLINIQUE,2019,2797,4.12,14.0
CLINIQUE,2020,2258,3.93,30.0
CLINIQUE,2021,2608,4.22,23.0
CLINIQUE,2022,6751,4.17,2.0
Dermalogica,2018,146,4.48,56.0
Dermalogica,2019,1869,4.41,27.0
Dermalogica,2020,3571,4.4,16.0
Dermalogica,2021,6359,4.65,3.0
Dermalogica,2022,5116,4.74,5.0
Dr. Dennis Gross Skincare,2018,916,4.5,29.0
Dr. Dennis Gross Skincare,2019,4606,4.53,6.0
Dr. Dennis Gross Skincare,2020,2934,4.49,20.0
Dr. Dennis Gross Skincare,2021,1537,4.54,42.0
Dr. Dennis Gross Skincare,2022,1424,4.48,43.0
Dr. Jart+,2018,1626,4.22,20.0
Dr. Jart+,2019,4077,4.22,8.0
Dr. Jart+,2020,3910,4.14,13.0
Dr. Jart+,2021,3122,4.21,21.0
Dr. Jart+,2022,2694,4.08,26.0
Drunk Elephant,2018,5741,4.21,1.0
Drunk Elephant,2019,12558,4.04,1.0
Drunk Elephant,2020,9436,3.96,4.0
Drunk Elephant,2021,4904,4.03,11.0
Drunk Elephant,2022,3065,4.13,19.0
Estée Lauder,2018,96,4.42,63.0
Estée Lauder,2019,106,4.34,68.0
Estée Lauder,2020,2385,4.06,27.0
Estée Lauder,2021,1834,4.35,34.0
Estée Lauder,2022,4948,4.26,6.0
Glow Recipe,2018,795,4.06,32.0
Glow Recipe,2019,2257,4.16,19.0
Glow Recipe,2020,6814,4.34,6.0
Glow Recipe,2021,6929,4.39,2.0
Glow Recipe,2022,6994,4.23,1.0
KORRES,2018,691,4.37,36.0
KORRES,2019,3372,4.56,10.0
KORRES,2020,3605,4.35,15.0
KORRES,2021,655,4.46,61.0
KORRES,2022,3335,4.4,15.0
LANEIGE,2018,3301,4.56,8.0
LANEIGE,2019,6994,4.46,4.0
LANEIGE,2020,6167,4.32,8.0
LANEIGE,2021,3957,4.25,15.0
LANEIGE,2022,4589,4.28,9.0
OLEHENRIKSEN,2018,5685,4.53,2.0
OLEHENRIKSEN,2019,4488,4.25,7.0
OLEHENRIKSEN,2020,3460,4.05,17.0
OLEHENRIKSEN,2021,5660,4.42,4.0
OLEHENRIKSEN,2022,2526,4.48,28.0
Peter Thomas Roth,2018,2815,4.35,11.0
Peter Thomas Roth,2019,3500,4.38,9.0
Peter Thomas Roth,2020,3965,4.28,12.0
Peter Thomas Roth,2021,2484,4.18,26.0
Peter Thomas Roth,2022,2293,4.3,30.0
SEPHORA COLLECTION,2018,978,4.46,27.0
SEPHORA COLLECTION,2019,2016,4.12,24.0
SEPHORA COLLECTION,2020,2170,3.89,32.0
SEPHORA COLLECTION,2021,2542,3.59,25.0
SEPHORA COLLECTION,2022,6472,4.27,3.0
Shiseido,2018,833,4.54,31.0
Shiseido,2019,1253,4.46,34.0
Shiseido,2020,3756,4.39,14.0
Shiseido,2021,4672,4.57,13.0
Shiseido,2022,5680,4.49,4.0
Tatcha,2018,3690,4.3,7.0
Tatcha,2019,7660,4.26,3.0
Tatcha,2020,9948,4.18,2.0
Tatcha,2021,5631,4.34,5.0
Tatcha,2022,2993,4.01,20.0
The INKEY List,2018,0,,
The INKEY List,2019,1623,4.21,28.0
The INKEY List,2020,9591,4.24,3.0
The INKEY List,2021,5398,3.92,6.0
The INKEY List,2022,4270,3.79,10.0
The Ordinary,2018,2390,4.25,14.0
The Ordinary,2019,7985,4.25,2.0
The Ordinary,2020,11481,4.18,1.0
The Ordinary,2021,7178,4.22,1.0
The Ordinary,2022,4873,4.19,7.0
fresh,2018,3730,4.3,6.0
fresh,2019,6422,4.34,5.0
fresh,2020,7018,4.29,5.0
fresh,2021,5200,4.48,8.0
fresh,2022,4865,4.6,8.0
